<?xml version="1.0" encoding="UTF-8"?>
<!DOCTYPE suite SYSTEM "https://testng.org/testng-1.0.dtd">
<suite name="Suite" parallel="tests">

<groups>
	<run>
		<include name="ErrorHandling"/>
	</run>
</groups>


  <test thread-count="5" name="POM Stand Alone Test">
    <classes>
      <class name="SeleniumRevision.POMStandAloneTest"/>
    </classes>
  </test>
  
  <test thread-count="5" name="Error Validation Test">
    <classes>
      <class name="SeleniumRevision.ErrorValidationsTest"/>
    </classes>
  </test>
</suite> <!-- Suite -->
